{
    "loss": 17.82107162475586,
    "accuracy": 0.4313725531101227
}