{
    "loss": 0.10591980069875717,
    "accuracy": 0.9803921580314636
}